{
    "model": "RandomForestClassifier",
    "scores": {
        "train": {
            "f1_score": 0.9915487221260564,
            "precision_score": 0.9898353323846311,
            "recall_score": 0.9932680538555692,
            "accuracy_score": 0.9906151062867481
        },
        "test": {
            "f1_score": 0.9707509881422924,
            "precision_score": 0.9631372549019608,
            "recall_score": 0.9784860557768924,
            "accuracy_score": 0.9665309814563546
        }
    },
    "params": {}
}