{
    "RandomForestClassifier": {
        "score": 0.966078697421981,
        "params": {}
    },
    "DecisionTreeClassifier": {
        "score": 0.9592944369063772,
        "params": {}
    },
    "GradientBoostingClassifier": {
        "score": 0.9507010402532791,
        "params": {}
    },
    "LogisticRegression": {
        "score": 0.924468566259611,
        "params": {}
    },
    "AdaBoostClassifier": {
        "score": 0.9298959746720941,
        "params": {}
    }
}